index,line_start,line_end
SUB2,00:01:02.437,00:01:04.690
SUB3,00:01:06.024,00:01:08.443
SUB4,00:01:14.992,00:01:17.494
SUB5,00:01:17.703,00:01:20.831
SUB7,00:01:21.039,00:01:22.499
SUB8,00:01:22.749,00:01:24.418
SUB9,00:01:24.877,00:01:26.044
SUB10,00:01:26.295,00:01:28.338
SUB11,00:01:29.548,00:01:31.008
SUB12,00:01:31.466,00:01:33.135
SUB13,00:01:33.635,00:01:35.679
SUB14,00:01:35.888,00:01:38.348
SUB15,00:01:38.557,00:01:43.478
SUB18,00:02:00.495,00:02:02.206
SUB19,00:02:02.372,00:02:03.332
SUB20,00:02:05.792,00:02:08.754
SUB21,00:02:09.338,00:02:11.798
SUB22,00:02:11.924,00:02:14.301
SUB23,00:02:14.551,00:02:17.137
SUB24,00:02:17.346,00:02:19.264
SUB24,00:02:17.346,00:02:19.264
SUB25,00:02:19.556,00:02:22.100
SUB25,00:02:19.556,00:02:22.100
SUB26,00:02:22.309,00:02:25.395
SUB26,00:02:22.309,00:02:25.395
SUB27,00:02:25.604,00:02:27.814
SUB27,00:02:25.604,00:02:27.814
SUB28,00:02:28.065,00:02:30.776
SUB28,00:02:28.065,00:02:30.776
SUB29,00:02:30.984,00:02:32.736
SUB30,00:02:32.986,00:02:35.656
SUB30,00:02:32.986,00:02:35.656
SUB31,00:02:35.864,00:02:37.241
SUB32,00:02:38.116,00:02:40.869
SUB32,00:02:38.116,00:02:40.869
SUB32,00:02:38.116,00:02:40.869
SUB33,00:02:49.670,00:02:53.423
SUB33,00:02:49.670,00:02:53.423
SUB34,00:02:53.632,00:02:56.176
SUB34,00:02:53.632,00:02:56.176
SUB35,00:02:56.552,00:03:01.014
SUB36,00:03:01.223,00:03:04.309
SUB434,00:39:09.099,00:39:10.517
SUB37,00:03:04.518,00:03:06.436
SUB38,00:03:06.645,00:03:08.397
SUB38,00:03:06.645,00:03:08.397
SUB39,00:03:08.605,00:03:11.608
SUB40,00:03:11.817,00:03:15.195
SUB41,00:03:15.404,00:03:23.453
SUB,,
SUB,,
SUB44,00:03:36.425,00:03:38.468
SUB45,00:03:39.803,00:03:42.306
SUB46,00:03:50.230,00:03:54.610
SUB47,00:03:55.819,00:04:00.199
SUB48,00:04:11.376,00:04:17.216
SUB50,00:04:17.758,00:04:24.640
SUB52,00:04:25.474,00:04:29.019
SUB53,00:04:32.064,00:04:38.153
SUB56,00:04:47.162,00:04:49.081
SUB57,00:04:49.164,00:04:55.838
SUB59,00:04:56.296,00:04:57.381
SUB60,00:05:07.850,00:05:11.353
SUB,00:05:11.645,00:05:17.192
SUB64,00:05:17.484,00:05:20.946
SUB64,00:05:17.484,00:05:20.946
SUB65,00:05:21.071,00:05:24.908
SUB66,00:05:23.073,00:05:24.908
SUB67,00:05:29.037,00:05:31.165
SUB68,00:05:31.373,00:05:34.251
SUB69,00:05:34.501,00:05:39.673
SUB71,00:05:39.882,00:05:45.888
SUB73,00:05:46.096,00:05:50.142
SUB74,00:05:50.350,00:05:54.646
SUB75,00:05:55.480,00:05:57.900
SUB76,00:05:58.650,00:06:02.404
SUB78,00:06:02.988,00:06:06.408
SUB79,00:06:06.617,00:06:18.003
SUB82,00:06:15.334,00:06:21.798
SUB83,00:06:18.837,00:06:21.798
SUB84,00:07:03.298,00:07:06.718
SUB85,00:07:06.927,00:07:10.055
SUB86,00:07:24.069,00:07:28.073
SUB87,00:07:38.709,00:07:43.505
SUB89,00:07:44.173,00:07:52.431
SUB91,00:07:54.558,00:08:05.110
SUB94,00:08:06.320,00:08:17.289
SUB97,00:08:20.375,00:08:22.419
SUB98,00:08:22.794,00:08:30.344
SUB100,00:08:35.140,00:08:37.351
SUB101,00:08:37.893,00:08:52.157
SUB105,00:08:54.284,00:09:03.001
SUB108,00:09:06.713,00:09:08.423
SUB109,00:09:27.568,00:09:29.236
SUB110,00:09:33.073,00:09:36.785
SUB112,00:09:41.540,00:09:49.381
SUB114,00:09:53.302,00:10:00.142
SUB116,00:10:03.103,00:10:05.063
SUB117,00:10:06.899,00:10:08.984
SUB118,00:10:10.235,00:10:12.571
SUB119,00:10:13.405,00:10:15.157
SUB120,00:10:15.282,00:10:19.995
SUB121,00:10:21.914,00:10:23.999
SUB122,00:10:24.583,00:10:29.546
SUB123,00:10:31.256,00:10:34.009
SUB124,00:10:35.219,00:10:37.763
SUB125,00:10:38.013,00:10:41.725
SUB126,00:10:43.185,00:10:49.191
SUB128,00:10:49.358,00:10:53.612
SUB128,00:10:49.358,00:10:53.612
SUB,,
SUB129,00:10:54.029,00:11:00.244
SUB131,00:11:01.912,00:11:05.624
SUB132,00:11:06.583,00:11:09.711
SUB133,00:11:11.255,00:11:13.465
SUB134,00:11:15.217,00:11:25.435
SUB137,00:11:30.107,00:11:32.109
SUB138,00:11:36.071,00:11:39.825
SUB139,00:11:41.451,00:11:44.955
SUB140,00:11:46.665,00:11:51.753
SUB142,00:11:52.754,00:11:59.678
SUB144,00:12:01.638,00:12:08.061
SUB146,00:12:08.979,00:12:19.323
SUB150,00:12:24.912,00:12:26.788
SUB150,00:12:24.912,00:12:26.788
SUB151,00:12:26.997,00:12:30.459
SUB152,00:12:30.667,00:12:33.754
SUB153,00:12:33.962,00:12:35.631
SUB154,00:12:35.839,00:12:38.675
SUB156,00:12:45.516,00:12:49.853
SUB,,
SUB158,00:13:12.668,00:13:14.753
SUB159,00:13:16.755,00:13:19.633
SUB160,00:13:20.008,00:13:21.385
SUB161,00:13:21.927,00:13:28.517
SUB163,00:13:30.352,00:13:31.520
SUB164,00:13:32.646,00:13:38.068
SUB166,00:13:41.029,00:13:46.869
SUB168,00:13:48.537,00:13:51.790
SUB169,00:13:52.249,00:13:53.959
SUB170,00:13:54.418,00:13:57.629
SUB171,00:13:57.838,00:13:58.964
SUB172,00:14:00.257,00:14:01.341
SUB172,00:14:10.893,00:14:48.305
SUB184,00:14:50.224,00:14:53.560
SUB185,00:14:57.481,00:14:59.358
SUB186,00:15:00.901,00:15:03.862
SUB187,00:15:08.158,00:15:09.868
SUB188,00:15:10.661,00:15:19.795
SUB190,00:15:23.006,00:15:24.675
SUB191,00:15:25.300,00:15:45.863
SUB196,00:15:53.287,00:16:03.463
SUB199,00:16:21.523,00:16:25.777
SUB200,00:16:27.362,00:16:28.697
SUB201,00:16:37.748,00:16:39.833
SUB202,00:16:41.877,00:16:43.003
SUB203,00:16:52.638,00:16:59.603
SUB205,00:17:01.855,00:17:03.440
SUB206,00:17:04.441,00:17:13.534
SUB,,
SUB209,00:17:17.955,00:17:21.875
SUB210,00:17:23.627,00:17:25.254
SUB,,
SUB211,00:17:36.598,00:17:41.314
SUB213,00:17:41.562,00:17:44.314
SUB214,00:17:44.523,00:17:48.235
SUB215,00:17:48.485,00:17:49.903
SUB216,00:17:51.613,00:17:54.825
SUB,,
SUB217,00:18:00.873,00:18:02.374
SUB218,00:18:05.294,00:18:07.504
SUB219,00:18:08.255,00:18:10.507
SUB220,00:18:10.674,00:18:20.642
SUB223,00:18:21.185,00:18:22.394
SUB225,00:18:45.209,00:18:56.553
SUB227,00:18:56.762,00:19:01.391
SUB228,00:19:03.936,00:19:08.357
SUB230,00:19:09.024,00:19:10.692
SUB231,00:19:15.822,00:19:19.701
SUB232,00:19:19.910,00:19:21.703
SUB233,00:19:23.413,00:19:26.041
SUB234,00:19:31.338,00:19:33.215
SUB235,00:19:35.050,00:19:37.636
SUB235,00:19:35.050,00:19:37.636
SUB236,00:19:39.137,00:19:45.727
SUB238,00:20:50.584,00:20:52.044
SUB239,00:20:52.294,00:20:54.379
SUB240,00:20:54.630,00:20:57.508
SUB241,00:20:57.758,00:20:59.343
SUB242,00:20:59.927,00:21:02.888
SUB242,00:20:59.927,00:21:02.888
SUB245,00:21:13.440,00:21:15.984
SUB246,00:21:20.739,00:21:22.407
SUB247,00:21:24.034,00:21:25.786
SUB,,
SUB248,00:21:26.829,00:21:28.622
SUB,,
SUB249,00:21:42.928,00:21:44.221
SUB,,
SUB250,00:21:55.148,00:21:59.528
SUB252,00:22:00.279,00:22:08.078
SUB254,00:22:10.080,00:22:14.251
SUB255,00:22:15.210,00:22:17.087
SUB257,00:22:20.924,00:22:24.386
SUB258,00:22:26.096,00:22:28.265
SUB259,00:23:14.353,00:23:47.594
SUB266,00:23:50.222,00:23:57.145
SUB268,00:24:01.149,00:24:08.991
SUB270,00:24:10.617,00:24:13.745
SUB271,00:24:16.790,00:24:18.792
SUB272,00:24:22.087,00:24:25.757
SUB273,00:24:29.803,00:24:34.349
SUB274,00:24:34.558,00:25:00.792
SUB279,00:25:06.924,00:25:09.843
SUB281,00:25:14.223,00:25:16.225
SUB281,00:25:14.223,00:25:31.532
SUB285,00:25:33.951,00:25:35.494
SUB286,00:25:35.911,00:25:38.413
SUB287,00:25:38.622,00:25:41.416
SUB288,00:25:45.712,00:25:47.256
SUB289,00:25:47.589,00:25:49.883
SUB290,00:25:52.886,00:25:55.055
SUB291,00:25:55.931,00:26:01.311
SUB293,00:26:04.398,00:26:05.774
SUB294,00:26:09.778,00:26:22.166
SUB297,00:26:24.710,00:26:36.638
SUB299,00:26:38.807,00:26:45.856
SUB301,00:26:47.774,00:26:50.819
SUB302,00:26:52.487,00:26:56.366
SUB303,00:26:59.119,00:27:15.886
SUB308,00:27:23.852,00:27:37.241
SUB312,00:27:37.658,00:27:40.369
SUB314,00:27:43.413,00:27:46.792
SUB316,00:27:49.837,00:27:52.422
SUB319,00:27:58.971,00:28:03.517
SUB320,00:28:03.892,00:28:05.477
SUB321,00:28:10.023,00:28:29.084
SUB326,00:28:29.418,00:28:33.422
SUB329,00:28:40.637,00:28:45.434
SUB331,00:28:46.894,00:28:51.440
SUB332,00:28:52.774,00:29:03.869
SUB335,00:29:05.954,00:29:14.713
SUB337,00:29:14.963,00:29:16.840
SUB338,00:29:21.803,00:29:27.392
SUB340,00:29:29.311,00:29:33.065
SUB341,00:29:33.899,00:29:52.543
SUB346,00:29:54.837,00:30:08.559
SUB350,00:30:08.851,00:30:12.521
SUB351,00:30:13.063,00:30:16.692
SUB352,00:30:18.026,00:30:25.534
SUB354,00:30:25.742,00:30:27.870
SUB355,00:30:28.078,00:30:29.246
SUB356,00:30:29.454,00:30:31.540
SUB357,00:30:31.790,00:30:32.749
SUB358,00:30:32.958,00:30:35.460
SUB359,00:30:35.711,00:30:45.220
SUB362,00:30:45.429,00:30:51.226
SUB365,00:30:53.729,00:30:55.397
SUB366,00:31:07.701,00:31:09.536
SUB368,00:31:21.006,00:31:24.843
SUB370,00:31:39.942,00:31:43.612
SUB,,
SUB371,00:31:50.536,00:32:00.796
SUB374,00:32:02.297,00:32:03.340
SUB375,00:32:06.093,00:32:10.180
SUB,,
SUB377,00:32:19.773,00:36:08.710
SUB416,00:36:39.449,00:37:19.615
SUB422,00:38:13.544,00:38:16.213
SUB422,00:38:13.544,00:38:16.213
SUB423,00:38:17.631,00:38:21.510
SUB423,00:38:17.631,00:38:21.510
SUB424,00:38:21.677,00:38:22.803
SUB425,00:38:38.110,00:38:39.361
SUB426,00:38:45.534,00:38:46.743
SUB427,00:38:48.579,00:38:53.959
SUB429,00:38:54.126,00:38:56.628
SUB430,00:38:56.753,00:39:02.217
SUB431,00:39:00.090,00:39:02.217
SUB431,00:39:00.090,00:39:02.217
SUB432,00:39:02.509,00:39:08.265
SUB434,00:39:09.099,00:39:10.517
SUB435,00:39:11.226,00:39:12.936
SUB436,00:39:15.272,00:39:23.697
SUB439,00:39:53.435,00:40:36.687
SUB448,00:40:42.484,00:40:48.323
SUB450,00:40:50.075,00:41:02.254
SUB453,00:41:04.006,00:41:06.800
SUB454,00:41:09.011,00:41:27.529
SUB458,00:41:28.906,00:41:31.992
SUB459,00:41:32.159,00:41:40.876
SUB461,00:41:42.794,00:41:46.840
SUB462,00:41:50.677,00:42:00.646
SUB465,00:42:01.480,00:42:05.484
SUB286,00:25:35.911,00:25:38.413
SUB466,00:42:12.157,00:42:15.077
SUB467,00:42:34.721,00:42:36.932
SUB475,00:43:18.557,00:43:21.518
SUB471,00:43:05.711,00:43:08.630
SUB472,00:43:08.922,00:43:11.008
SUB473,00:43:11.175,00:43:17.764
SUB475,00:43:18.557,00:43:27.608
SUB477,00:43:29.401,00:43:30.819
SUB478,00:43:32.196,00:43:39.786
SUB480,00:43:40.078,00:43:41.705
SUB481,00:43:47.878,00:43:53.091
SUB483,00:43:58.889,00:44:00.974
SUB483,00:43:58.889,00:44:00.974
SUB484,00:44:02.643,00:44:05.979
SUB484,00:44:02.643,00:44:05.979
SUB485,00:44:06.188,00:44:07.272
SUB486,00:44:18.742,00:44:19.785
SUB487,00:44:24.957,00:44:34.800
SUB490,00:44:35.384,00:44:36.885
SUB491,00:44:38.929,00:44:42.307
SUB491,00:44:38.929,00:44:42.307
SUB492,00:44:42.516,00:44:45.435
SUB493,00:44:45.561,00:44:48.564
SUB493,00:44:45.561,00:44:48.564
SUB494,00:44:48.897,00:45:10.919
SUB499,00:45:12.337,00:45:13.630
SUB499,00:45:12.337,00:45:13.630
SUB,,
SUB500,00:45:20.220,00:45:22.431
SUB501,00:45:25.058,00:45:26.310
SUB504,00:46:19.613,00:46:22.950
SUB505,00:46:23.158,00:46:25.035
SUB506,00:46:25.244,00:46:27.663
SUB515,00:47:15.878,00:47:19.631
SUB516,00:47:20.591,00:47:22.259
SUB517,00:47:24.553,00:47:26.471
SUB518,00:47:26.889,00:47:29.892
SUB519,00:47:34.730,00:47:37.065
SUB520,00:47:38.400,00:47:39.985
SUB521,00:47:41.403,00:47:46.909
SUB523,00:47:47.618,00:47:50.287
SUB524,00:47:51.413,00:47:53.624
SUB525,00:47:56.251,00:47:59.880
SUB526,00:48:07.262,00:48:08.847
SUB,,
SUB527,00:48:11.850,00:48:13.310
SUB528,00:48:13.602,00:48:26.448
SUB533,00:48:52.766,00:48:53.976
SUB534,00:48:58.147,00:48:59.648
SUB535,00:49:05.946,00:49:09.700
SUB536,00:49:24.548,00:49:31.180
SUB539,00:49:32.347,00:49:33.724
SUB540,00:49:49.531,00:49:53.952
SUB541,00:49:54.703,00:50:06.006
SUB544,00:50:10.385,00:50:12.095
SUB545,00:50:16.892,00:50:41.083
SUB548,00:50:41.583,00:50:43.377
SUB549,00:50:46.255,00:50:48.841
SUB550,00:50:49.883,00:50:52.344
SUB551,00:50:56.348,00:51:00.310
SUB556,00:52:00.537,00:52:01.872
SUB557,00:52:20.265,00:52:21.600
SUB,,
SUB,,
SUB558,00:52:35.906,00:52:37.699
SUB559,00:52:41.537,00:52:44.873
SUB560,00:52:46.500,00:52:54.091
SUB562,00:52:55.551,00:52:57.719
SUB563,00:52:58.554,00:53:04.142
SUB565,00:53:06.228,00:53:10.440
SUB,,
SUB998,01:46:47.491,01:46:49.409
SUB566,00:53:28.750,00:53:32.504
SUB,,
SUB567,00:53:52.774,00:53:54.276
SUB568,00:53:55.569,00:54:04.036
SUB570,00:54:06.830,00:54:08.248
SUB571,00:54:14.421,00:54:22.804
SUB573,00:54:23.305,00:54:27.684
SUB574,00:54:31.563,00:54:35.150
SUB575,00:54:35.359,00:54:36.819
SUB576,00:54:37.736,00:54:40.864
SUB576,00:54:37.736,00:54:40.864
SUB577,00:54:43.450,00:54:44.409
SUB577,00:54:43.450,00:54:44.409
SUB578,00:54:46.995,00:54:48.956
SUB579,00:55:33.709,00:55:34.877
SUB580,00:55:49.391,00:55:52.686
SUB581,00:55:52.895,00:55:55.731
SUB582,00:56:03.864,00:56:06.074
SUB582,00:56:03.864,00:56:06.074
SUB583,00:56:07.242,00:56:09.244
SUB584,00:56:10.412,00:56:12.748
SUB584,00:56:10.412,00:56:12.748
SUB586,00:56:27.012,00:56:45.656
SUB591,00:56:56.083,00:56:58.627
SUB591,00:56:56.083,00:56:58.627
SUB592,00:56:59.002,00:57:02.339
SUB592,00:56:59.002,00:57:02.339
SUB593,00:57:02.548,00:57:06.093
SUB594,00:57:06.301,00:57:09.346
SUB595,00:57:09.972,00:57:13.141
SUB595,00:57:09.972,00:57:13.141
SUB596,00:57:14.726,00:57:15.769
SUB597,00:57:17.521,00:57:19.815
SUB598,00:57:20.023,00:57:23.193
SUB598,00:57:20.023,00:57:23.193
SUB599,00:57:23.402,00:57:26.321
SUB600,00:57:26.530,00:57:27.948
SUB601,00:57:28.574,00:57:29.950
SUB602,00:57:30.367,00:57:33.328
SUB602,00:57:30.367,00:57:34.580
SUB604,00:57:34.788,00:57:37.416
SUB605,00:57:37.624,00:57:39.001
SUB606,00:57:39.459,00:57:42.129
SUB607,00:57:42.963,00:57:43.964
SUB608,00:57:50.053,00:57:52.472
SUB608,00:57:50.053,00:57:52.472
SUB609,00:57:52.681,00:57:56.727
SUB610,00:57:56.977,00:57:59.438
SUB611,00:57:59.646,00:58:01.565
SUB612,00:58:01.773,00:58:03.484
SUB613,00:58:04.276,00:58:05.486
SUB614,00:58:07.696,00:58:11.116
SUB615,00:58:11.533,00:58:12.576
SUB616,00:58:13.243,00:58:21.001
SUB618,00:58:21.210,00:58:23.879
SUB618,00:58:21.210,00:58:23.879
SUB619,00:58:25.005,00:58:26.215
SUB620,00:58:27.007,00:58:30.260
SUB621,00:58:33.972,00:58:37.226
SUB622,00:58:40.270,00:58:43.106
SUB623,00:58:44.233,00:58:45.400
SUB624,00:58:47.236,00:58:49.822
SUB625,00:58:53.867,00:58:55.410
SUB626,00:58:55.619,00:59:21.937
SUB,,
SUB633,00:59:32.197,00:59:48.046
SUB636,00:59:55.637,01:00:05.439
SUB639,01:00:07.858,01:00:09.151
SUB640,01:00:10.736,01:00:13.363
SUB,,
SUB641,01:00:18.160,01:00:19.828
SUB642,01:00:20.579,01:00:22.080
SUB643,01:00:23.332,01:00:31.882
SUB645,01:00:36.929,01:00:44.853
SUB647,01:00:45.521,01:00:49.191
SUB647,01:00:45.521,01:01:00.536
SUB651,01:01:03.247,01:01:14.258
SUB654,01:01:15.425,01:01:16.760
SUB655,01:01:17.219,01:01:26.019
SUB657,01:01:45.956,01:01:48.125
SUB658,01:02:01.263,01:02:03.557
SUB659,01:02:03.765,01:02:10.147
SUB661,01:02:11.273,01:02:13.192
SUB662,01:02:14.776,01:02:20.449
SUB664,01:02:22.576,01:02:24.077
SUB665,01:02:24.286,01:02:29.041
SUB667,01:02:30.042,01:02:31.960
SUB668,01:02:35.130,01:02:36.298
SUB669,01:02:36.840,01:02:38.300
SUB670,01:02:53.482,01:02:55.567
SUB671,01:02:56.068,01:02:57.361
SUB672,01:02:57.861,01:03:01.740
SUB673,01:03:02.533,01:03:15.003
SUB676,01:03:15.212,01:03:16.839
SUB677,01:03:17.297,01:03:24.763
SUB679,01:03:23.554,01:03:24.763
SUB680,01:03:24.972,01:03:32.354
SUB682,01:03:33.272,01:03:39.862
SUB684,01:03:40.070,01:03:59.423
SUB689,01:04:01.258,01:04:02.551
SUB,,
SUB690,01:04:06.054,01:04:07.723
SUB691,01:04:11.185,01:04:13.061
SUB692,01:04:13.687,01:04:16.231
SUB,,
SUB,,
SUB693,01:04:28.076,01:04:29.328
SUB694,01:04:33.790,01:04:40.797
SUB696,01:04:43.550,01:04:46.470
SUB697,01:04:49.515,01:04:54.478
SUB698,01:04:54.937,01:04:57.981
SUB,,
SUB699,01:05:01.819,01:05:06.824
SUB702,01:05:17.334,01:05:19.503
SUB703,01:05:21.255,01:05:23.257
SUB704,01:05:24.299,01:05:26.593
SUB,,
SUB705,01:05:28.053,01:05:29.763
SUB706,01:05:31.140,01:05:32.224
SUB707,01:05:32.432,01:05:35.978
SUB708,01:05:36.186,01:05:38.814
SUB708,01:05:36.186,01:05:38.814
SUB709,01:05:39.064,01:05:41.692
SUB710,01:05:41.900,01:05:44.153
SUB,,
SUB711,01:05:46.613,01:05:48.115
SUB,,
SUB712,01:05:49.992,01:05:53.287
SUB712,01:05:49.992,01:05:53.287
SUB713,01:05:54.246,01:05:58.083
SUB713,01:05:54.246,01:05:58.083
SUB713,01:05:58.292,01:06:05.674
SUB71,00:05:39.882,00:05:42.426
SUB717,01:06:07.009,01:06:08.135
SUB,,
SUB65,00:05:21.071,00:05:22.489
SUB719,01:06:10.888,01:06:13.140
SUB720,01:06:13.348,01:06:15.350
SUB721,01:06:15.559,01:06:24.902
SUB724,01:06:25.110,01:06:27.196
SUB725,01:06:27.404,01:06:28.697
SUB726,01:06:29.698,01:06:31.283
SUB727,01:06:36.205,01:06:42.503
SUB729,01:06:52.221,01:06:54.014
SUB730,01:06:59.102,01:07:17.454
SUB732,01:07:17.663,01:07:19.790
SUB733,01:07:19.998,01:07:24.294
SUB735,01:07:24.545,01:07:28.423
SUB737,01:07:32.636,01:07:36.265
SUB738,01:07:36.473,01:07:40.853
SUB739,01:07:41.103,01:07:43.856
SUB740,01:07:44.064,01:07:53.073
SUB743,01:07:53.282,01:07:57.202
SUB744,01:07:57.452,01:08:04.376
SUB748,01:08:07.421,01:08:09.047
SUB749,01:08:09.214,01:08:11.175
SUB,,
SUB751,01:08:15.220,01:08:16.763
SUB751,01:08:15.220,01:08:16.763
SUB752,01:08:17.473,01:08:31.403
SUB757,01:08:32.196,01:08:34.907
SUB758,01:10:21.805,01:10:23.974
SUB759,01:10:24.725,01:10:40.282
SUB763,01:10:40.532,01:10:45.704
SUB765,01:10:45.829,01:10:48.499
SUB766,01:10:48.749,01:10:55.255
SUB,,
SUB768,01:11:13.190,01:11:14.525
SUB769,01:11:15.484,01:11:16.777
SUB770,01:11:17.444,01:11:18.821
SUB771,01:11:20.489,01:11:22.407
SUB772,01:11:22.658,01:11:24.201
SUB773,01:11:24.660,01:11:25.452
SUB774,01:11:25.702,01:11:28.747
SUB775,01:12:08.871,01:12:10.539
SUB776,01:12:10.789,01:12:12.124
SUB777,01:12:12.416,01:12:14.001
SUB778,01:12:14.793,01:12:15.794
SUB779,01:12:16.420,01:12:17.838
SUB780,01:18:23.245,01:18:28.542
SUB782,01:18:29.334,01:18:34.298
SUB783,01:18:37.676,01:18:43.182
SUB785,01:18:47.978,01:18:49.188
SUB786,01:18:49.521,01:18:58.322
SUB789,01:19:02.618,01:19:05.662
SUB790,01:22:04.591,01:22:07.136
SUB791,01:22:09.012,01:22:12.599
SUB792,01:22:15.227,01:22:18.814
SUB793,01:22:22.276,01:22:27.698
SUB795,01:22:27.948,01:22:39.334
SUB798,01:22:49.428,01:22:57.936
SUB801,01:22:59.855,01:23:01.815
SUB802,01:23:02.191,01:23:04.067
SUB803,01:23:04.443,01:23:05.319
SUB804,01:23:07.112,01:23:11.283
SUB805,01:23:13.076,01:23:14.661
SUB806,01:23:14.912,01:23:16.580
SUB807,01:23:16.830,01:23:17.873
SUB808,01:23:18.040,01:23:22.377
SUB809,01:23:23.670,01:23:25.422
SUB,,
SUB810,01:23:27.049,01:23:28.175
SUB811,01:23:30.427,01:23:38.602
SUB813,01:23:40.062,01:23:41.271
SUB814,01:23:41.480,01:23:45.651
SUB815,01:24:47.963,01:24:51.425
SUB816,01:25:23.749,01:25:27.002
SUB817,01:25:29.671,01:25:31.465
SUB818,01:25:31.590,01:25:42.851
SUB821,01:25:48.398,01:25:51.401
SUB,,
SUB822,01:26:02.704,01:26:15.676
SUB825,01:26:17.469,01:26:58.135
SUB831,01:27:04.558,01:27:07.895
SUB832,01:27:09.062,01:27:12.316
SUB833,01:27:23.827,01:27:27.164
SUB834,01:27:30.000,01:27:36.840
SUB836,01:27:38.342,01:27:56.902
SUB840,01:28:03.075,01:28:06.745
SUB841,01:28:08.831,01:28:10.332
SUB842,01:28:13.210,01:28:19.758
SUB,,
SUB844,01:28:29.143,01:29:02.050
SUB853,01:29:41.924,01:29:44.468
SUB854,01:29:45.302,01:29:57.815
SUB858,01:32:07.945,01:32:17.162
SUB861,01:32:17.746,01:32:26.588
SUB864,01:32:27.047,01:32:28.924
SUB865,01:32:31.635,01:32:33.637
SUB866,01:32:36.348,01:32:40.102
SUB867,01:32:40.519,01:32:46.692
SUB869,01:32:55.367,01:32:57.202
SUB870,01:33:03.375,01:33:06.253
SUB871,01:33:06.587,01:33:08.046
SUB872,01:33:11.717,01:33:14.386
SUB873,01:33:17.014,01:33:18.265
SUB874,01:33:39.369,01:35:35.319
SUB892,01:35:51.585,01:35:55.714
SUB,,
SUB894,01:36:01.512,01:36:03.847
SUB895,01:36:09.728,01:36:11.688
SUB896,01:36:13.524,01:36:15.400
SUB897,01:36:40.884,01:38:16.980
SUB912,01:39:01.233,01:39:02.693
SUB,,
SUB913,01:39:39.771,01:39:41.857
SUB914,01:39:50.491,01:39:51.742
SUB915,01:39:53.035,01:39:54.786
SUB916,01:40:01.585,01:40:07.174
SUB918,01:40:07.382,01:40:10.803
SUB919,01:40:15.349,01:40:23.023
SUB921,01:40:23.315,01:40:27.820
SUB923,01:40:30.614,01:40:40.207
SUB926,01:40:43.877,01:40:46.964
SUB927,01:40:47.172,01:40:52.302
SUB929,01:40:53.887,01:41:01.520
SUB931,01:41:04.523,01:41:15.200
SUB934,01:41:42.478,01:41:43.395
SUB935,01:41:45.105,01:41:47.316
SUB936,01:41:47.483,01:41:51.278
SUB937,01:41:51.820,01:41:55.449
SUB938,01:41:55.699,01:41:57.201
SUB,,
SUB939,01:42:01.288,01:42:05.167
SUB939,01:42:01.288,01:42:05.167
SUB940,01:42:06.543,01:42:08.378
SUB941,01:42:09.880,01:42:11.840
SUB942,01:42:12.090,01:42:13.425
SUB,,
SUB943,01:42:15.135,01:42:17.054
SUB944,01:42:17.221,01:42:20.057
SUB945,01:42:24.144,01:42:32.569
SUB948,01:42:34.571,01:42:39.576
SUB950,01:42:41.119,01:42:42.454
SUB951,01:42:42.704,01:42:43.831
SUB952,01:42:44.289,01:42:45.749
SUB,,
SUB953,01:42:49.044,01:42:53.423
SUB953,01:42:49.044,01:42:53.423
SUB954,01:42:55.801,01:43:05.018
SUB957,01:43:05.352,01:43:07.729
SUB958,01:43:15.904,01:43:51.064
SUB967,01:43:52.065,01:43:53.233
SUB968,01:43:55.986,01:44:23.972
SUB976,01:44:25.307,01:44:27.643
SUB977,01:44:28.060,01:44:29.937
SUB978,01:44:42.074,01:44:44.243
SUB979,01:44:44.451,01:44:46.078
SUB980,01:45:22.156,01:45:24.908
SUB,,
SUB981,01:45:26.577,01:45:31.582
SUB981,01:45:26.577,01:45:31.582
SUB982,01:45:32.124,01:45:44.970
SUB985,01:45:46.263,01:45:47.764
SUB986,01:45:48.682,01:45:51.268
SUB987,01:45:56.315,01:46:03.405
SUB989,01:46:03.614,01:46:04.615
SUB990,01:46:08.911,01:46:24.510
SUB995,01:46:28.764,01:46:30.224
SUB996,01:46:31.433,01:46:34.436
SUB,,
SUB,,
SUB997,01:46:43.737,01:46:46.573
SUB998,01:46:47.491,01:47:06.093
SUB1004,01:47:10.681,01:47:19.189
SUB1006,01:47:20.732,01:47:32.369
SUB1007,01:47:25.028,01:47:35.914
SUB1010,01:48:03.400,01:48:04.651
SUB1011,01:48:06.361,01:48:09.114
SUB1012,01:48:10.157,01:48:13.202
SUB1013,01:48:13.410,01:48:18.373
SUB1014,01:48:18.749,01:48:29.009
SUB1016,01:48:27.090,01:48:29.009
SUB1017,01:48:29.468,01:48:33.555
SUB1018,01:48:33.764,01:48:35.098
SUB,,
SUB241,00:20:57.758,00:20:59.343
SUB1021,01:52:33.003,01:52:35.464
SUB1021,01:52:33.003,01:52:35.464
SUB1019,01:52:24.870,01:52:27.539
SUB1020,01:52:27.748,01:52:31.710
SUB,,
SUB,,
SUB1022,01:52:36.340,01:52:38.300
SUB1023,01:52:38.509,01:52:40.511
SUB,,
SUB1024,01:52:41.053,01:52:42.805
SUB,,
SUB1025,01:52:43.180,01:52:44.473
SUB1026,01:52:44.681,01:52:46.266
SUB1027,01:52:47.351,01:52:48.685
SUB1028,01:52:48.894,01:52:50.687
SUB1029,01:52:50.896,01:52:57.402
SUB1031,01:52:57.611,01:52:59.655
SUB1032,01:52:59.863,01:53:00.864
SUB1033,01:53:01.073,01:53:04.576
SUB1034,01:53:05.202,01:53:07.663
SUB1035,01:53:10.249,01:53:12.334
SUB1036,01:53:12.543,01:53:14.044
SUB1037,01:53:14.253,01:53:29.560
SUB1041,01:53:29.768,01:53:32.104
SUB1042,01:53:34.022,01:53:37.401
SUB1043,01:53:41.155,01:53:44.408
SUB1044,01:53:44.616,01:53:47.661
SUB1045,01:53:47.953,01:54:07.723
SUB,,
SUB1051,01:55:45.237,01:55:47.948
SUB1052,01:56:18.604,01:56:19.480
SUB1053,01:56:19.730,01:56:20.939
SUB1054,01:56:21.273,01:56:23.150
SUB1055,01:56:27.112,01:56:29.323
SUB1056,01:56:29.531,01:56:31.033
SUB1057,01:56:37.664,01:56:41.084
SUB1058,01:56:41.960,01:56:43.253
SUB1059,01:56:50.302,01:56:52.095
SUB1060,01:56:53.597,01:56:58.018
SUB1062,01:56:58.602,01:57:05.442
SUB1064,01:57:06.485,01:57:08.946
SUB1065,01:57:09.279,01:57:11.573
SUB1066,01:57:12.908,01:57:13.992
SUB1067,01:57:16.829,01:57:18.831
SUB1068,01:57:21.875,01:57:22.918
SUB1069,01:57:43.689,01:57:45.190
SUB1070,01:57:45.941,01:57:47.818
SUB,,
SUB1071,01:57:50.863,01:57:55.868
SUB1072,01:57:59.413,01:58:01.373
SUB1073,01:58:02.291,01:58:04.293
SUB1074,01:58:09.798,01:58:14.761
SUB1075,01:58:17.014,01:58:19.850
SUB1076,01:58:40.579,01:58:41.747
SUB1077,01:58:45.167,01:58:46.293
SUB1078,01:58:46.543,01:58:50.881
SUB1079,01:58:51.381,01:58:52.508
SUB1080,01:58:54.259,01:58:57.095
SUB1081,01:58:57.304,01:59:00.599
SUB1082,01:59:04.645,01:59:17.908
SUB1085,01:59:34.091,01:59:38.428
SUB1085,01:59:34.091,01:59:38.428
SUB1086,01:59:42.808,02:00:03.454
SUB,,
SUB1087,01:59:49.148,02:00:03.454
SUB1090,02:00:14.506,02:00:16.341
SUB,,
SUB1091,02:00:31.773,02:00:36.653
SUB1092,02:00:43.869,02:00:46.872
SUB1093,02:00:59.885,02:01:05.015
SUB1095,02:01:13.690,02:01:24.701
SUB1098,02:03:13.644,02:03:15.229
SUB1098,02:03:13.644,02:03:15.229
SUB1099,02:05:05.047,02:05:08.091
SUB1100,02:05:08.300,02:05:10.093
SUB1102,02:06:51.528,02:06:52.821
SUB1102,02:06:51.528,02:06:52.821
SUB1103,02:06:53.030,02:07:01.330
SUB1106,02:07:01.580,02:07:05.334
SUB1107,02:07:05.751,02:07:08.337
SUB1108,02:07:08.545,02:07:10.714
SUB,,
SUB1109,02:07:15.302,02:07:17.137
SUB1110,02:07:17.930,02:07:19.223
SUB1111,02:07:19.973,02:07:23.435
SUB1112,02:07:27.481,02:07:29.358
SUB1113,02:07:29.733,02:07:33.070
SUB1117,02:10:14.648,02:10:29.830
SUB1121,02:10:53.479,02:10:54.771
SUB1122,02:10:56.815,02:11:00.527
SUB,,
SUB1122,02:10:56.815,02:11:03.530
SUB1123,02:11:00.819,02:11:03.530
SUB1124,02:11:03.739,02:11:05.157
SUB1125,02:11:05.699,02:11:07.576
SUB1125,02:11:05.699,02:11:07.576
SUB,,
SUB1126,02:11:08.035,02:11:09.453
SUB1127,02:11:09.912,02:11:11.205
SUB1128,02:11:11.413,02:11:15.626
SUB1130,02:11:15.834,02:11:24.885
SUB1133,02:11:25.844,02:11:29.306
SUB1134,02:11:27.846,02:11:31.433
SUB1136,02:11:31.892,02:11:35.187
SUB1137,02:11:36.438,02:11:39.149
SUB1138,02:11:39.149,02:11:41.860
SUB1138,02:11:39.399,02:11:41.860
SUB1139,02:11:42.069,02:11:43.070
SUB,,
SUB1140,02:11:46.532,02:11:48.700
SUB1141,02:11:48.909,02:11:52.246
SUB1142,02:11:54.790,02:12:16.061
SUB1146,02:12:16.937,02:12:18.188
SUB1147,02:12:21.400,02:12:28.574
SUB1149,02:12:30.784,02:12:32.828
SUB1150,02:12:37.458,02:12:39.543
SUB1151,02:12:45.257,02:13:27.049
SUB1157,02:13:40.354,02:13:48.028
SUB1159,02:13:50.155,02:14:22.479
SUB1164,02:14:26.150,02:14:52.384
SUB1170,02:14:56.847,02:15:02.019
SUB1172,02:15:02.478,02:15:14.448
SUB1176,02:15:22.122,02:15:40.390
SUB1180,02:15:41.809,02:15:53.445
SUB1184,02:15:55.030,02:15:56.657
SUB1185,02:15:58.659,02:16:00.702
SUB1186,02:16:06.625,02:16:08.335
SUB1187,02:16:10.712,02:16:32.693
SUB1194,02:16:33.986,02:16:37.322
SUB1195,02:16:39.283,02:16:51.628
SUB1198,02:16:52.963,02:17:05.392
SUB1202,02:17:09.104,02:17:14.359
SUB1204,02:17:16.403,02:17:27.998
SUB1207,02:17:29.124,02:17:43.680
SUB1211,02:18:01.281,02:18:12.417
SUB1213,02:18:18.132,02:18:19.299
SUB1214,02:18:25.139,02:18:26.849
SUB1215,02:18:40.904,02:18:56.920
SUB1218,02:19:01.425,02:19:02.634
SUB1219,02:19:17.316,02:19:50.557
SUB1227,02:19:55.229,02:19:56.522
SUB1228,02:19:58.398,02:20:00.901
SUB1229,02:20:12.412,02:20:14.414
SUB1230,02:20:15.207,02:20:29.638
SUB1235,02:20:49.783,02:20:51.368
SUB1236,02:21:08.719,02:21:10.804
SUB1237,02:21:16.268,02:21:31.366
SUB1239,02:21:43.712,02:21:45.005
SUB1240,02:21:59.311,02:22:05.818
SUB,,
SUB1242,02:22:14.576,02:22:32.928
SUB1246,02:22:38.809,02:23:35.908
SUB1260,02:23:52.841,02:24:07.272
SUB1265,02:24:09.024,02:24:10.859
SUB1267,02:27:43.322,02:27:45.699
SUB1268,02:28:37.501,02:29:00.941
SUB1270,02:29:25.716,02:29:26.884
SUB1271,02:29:27.050,02:29:29.553
SUB,,
SUB1272,02:29:30.345,02:29:32.890
SUB1273,02:29:33.098,02:29:35.017
SUB1274,02:29:44.234,02:29:45.319
SUB1275,02:29:45.694,02:29:49.031
SUB1276,02:29:49.156,02:29:50.491
SUB,,
SUB1277,02:29:52.743,02:29:54.995
SUB1278,02:30:09.259,02:30:11.303
SUB1279,02:30:16.475,02:30:17.768
SUB1280,02:30:18.185,02:30:19.394
SUB1281,02:30:28.779,02:30:35.410
SUB,,
SUB1283,02:30:47.464,02:31:17.119
SUB1290,02:31:26.545,02:31:30.382
SUB1291,02:31:34.303,02:32:06.668
SUB1296,02:32:13.425,02:32:18.972
SUB1298,02:32:27.564,02:32:42.162
SUB1304,02:32:53.298,02:32:54.758
SUB1303,02:32:49.461,02:32:50.921
SUB1304,02:32:53.298,02:32:54.758
SUB1305,02:32:57.136,02:33:28.542
SUB1311,02:33:29.710,02:33:31.170
SUB1312,02:33:34.214,02:33:35.674
